species	temperature_min	temperature_max	climate	environment
Auxis thazard	27.0	28.0	tropical	oceanodromous marine pelagic-neritic
Percocypris pingi			subtropical	freshwater benthopelagic
Hiodon tergisus			temperate	pelagic freshwater
Halichoeres tenuispinis			tropical	reef-associated marine
Cottus hangiongensis			temperate	catadromous freshwater marine brackish demersal
Cantherhines pardalis			tropical	reef-associated marine
Culter mongolicus	10.0	20.0	subtropical	freshwater benthopelagic
Micromesistius poutassou			temperate	bathypelagic marine oceanodromous
Anguilla dieffenbachii			subtropical	catadromous freshwater marine brackish demersal
Esomus metallicus	22.0	26.0	tropical	freshwater benthopelagic brackish
Doederleinia berycoides			tropical	marine demersal
Aptocyclus ventricosus			temperate	benthopelagic marine
Anguilla nebulosa			tropical	catadromous freshwater marine brackish demersal
Scopelogadus mizolepis				bathypelagic marine deep-water
Petroscirtes breviceps	22.0	28.0	tropical	reef-associated oceanodromous marine
Batrachomoeus trispinosus			tropical	reef-associated marine brackish
Rasbora daniconius	24.0	26.0	tropical	freshwater benthopelagic brackish potamodromous
Thamnaconus modestus			tropical	reef-associated oceanodromous marine
Etrumeus micropus			subtropical	marine pelagic-neritic
Notoscopelus kroyeri			temperate	pelagic-oceanic oceanodromous marine
Pseudolabrus sieboldi			subtropical	marine demersal
Rastrelliger brachysoma	20.0	30.0	tropical	oceanodromous marine brackish pelagic-neritic
Ancherythroculter nigrocauda			subtropical	freshwater benthopelagic
Sirembo imberbis			subtropical	marine demersal
Histrio histrio			subtropical	reef-associated oceanodromous marine
Sinocyclocheilus furcodorsalis			tropical	freshwater benthopelagic
Pellona flavipinnis			subtropical	pelagic freshwater brackish
Trichomycterus areolatus			temperate	freshwater benthopelagic
Moxostoma congestum			subtropical	freshwater demersal
Auchenoglanis occidentalis	21.0	25.0	tropical	freshwater demersal potamodromous
Pungitius pungitius	10.0	20.0	temperate	benthopelagic freshwater marine brackish anadromous
Chlorurus sordidus			tropical	reef-associated oceanodromous marine brackish
Oplegnathus punctatus			tropical	reef-associated oceanodromous marine
Ethmalosa fimbriata			tropical	catadromous freshwater marine brackish pelagic-neritic
Toxotes chatareus	25.0	30.0	tropical	pelagic amphidromous freshwater brackish
Bregmaceros nectabanus			tropical	marine non-migratory pelagic-neritic
Sardina pilchardus			subtropical	oceanodromous freshwater marine brackish pelagic-neritic
Oryzias celebensis	22.0	30.0	tropical	freshwater benthopelagic non-migratory
Rhinecanthus aculeatus			tropical	reef-associated marine
Acipenser gueldenstaedtii	10.0	20.0	temperate	anadromous freshwater marine brackish demersal
Paracirrhites arcatus	25.0	27.0	tropical	reef-associated marine
Labeo senegalensis	22.0	26.0	tropical	freshwater benthopelagic potamodromous
Genyochromis mento	24.0	28.0	tropical	freshwater benthopelagic
Anguilla japonica	4.0	27.0	subtropical	catadromous freshwater marine brackish demersal
Alburnus istanbulensis			subtropical	freshwater benthopelagic
Schizothorax wangchiachii			subtropical	freshwater benthopelagic
Pseudalutarius nasicornis			subtropical	reef-associated marine
Galaxias gollumoides			temperate	freshwater benthopelagic
Epinephelus latifasciatus			tropical	marine demersal
Oplegnathus fasciatus			temperate	reef-associated marine
Acheilognathus signifer			temperate	freshwater benthopelagic
Rasbora vaterifloris	25.0	29.0	tropical	freshwater benthopelagic
Tinca tinca	4.0	24.0	temperate	freshwater brackish potamodromous demersal
Galaxiella nigrostriata	10.0	30.0	temperate	freshwater demersal
Cobitis striata			temperate	freshwater benthopelagic
Rhamphochromis esox	23.0	27.0	tropical	freshwater demersal
Sillago sihama	26.0	29.0	tropical	amphidromous reef-associated marine brackish
Sarcocheilichthys nigripinnis			temperate	freshwater benthopelagic
Barbonymus gonionotus	22.0	28.0	tropical	freshwater benthopelagic potamodromous
Notacanthus chemnitzi	2.0	4.0		benthopelagic marine deep-water
Cololabis saira			subtropical	pelagic-oceanic oceanodromous marine
Takifugu poecilonotus			temperate	freshwater marine brackish demersal
Anguilla celebesensis			tropical	catadromous freshwater marine brackish demersal
Epinephelus stictus			tropical	marine demersal
Sander canadensis		30.0	temperate	freshwater demersal
Ruvettus pretiosus			subtropical	benthopelagic oceanodromous marine
Acentrogobius chlorostigmatoides			tropical	freshwater brackish demersal
Marilyna darwinii			tropical	marine brackish demersal
Epinephelus areolatus			tropical	reef-associated marine
Fundulus heteroclitus	10.0	24.0	temperate	benthopelagic freshwater marine brackish non-migratory
Lagocephalus lagocephalus			subtropical	benthopelagic oceanodromous marine
Notoscopelus caudispinosus				bathypelagic marine deep-water oceanodromous
Brachaluteres ulvarum			temperate	reef-associated marine
Oncorhynchus kisutch		25.0	temperate	anadromous freshwater marine brackish demersal
Rhodeus shitaiensis			subtropical	pelagic freshwater
Zenion japonicum				bathydemersal marine deep-water
Indostomus paradoxus	24.0	28.0	tropical	freshwater benthopelagic
Antennarius coccineus			tropical	reef-associated marine
Halichoeres trimaculatus			tropical	reef-associated marine
Bertella idiomorpha			temperate	marine demersal
Leptoderma retropinna				bathypelagic marine deep-water
Hyperoglyphe japonica			temperate	benthopelagic oceanodromous marine
Dorosoma petenense	1.0	35.0	subtropical	anadromous freshwater marine brackish pelagic-neritic
Triacanthodes anomalus			tropical	marine demersal
Paretroplus maculatus			tropical	freshwater demersal
Nicholsicypris normalis			subtropical	freshwater benthopelagic brackish
Paraluteres prionurus			tropical	reef-associated marine non-migratory
Tribolodon nakamurai			subtropical	freshwater benthopelagic
Himantolophus albinares				bathypelagic marine deep-water
Tetragonurus cuvieri				bathypelagic marine deep-water oceanodromous
Leptochilichthys agassizii				bathypelagic marine deep-water
Seriola dumerili			subtropical	reef-associated oceanodromous marine
Ateleopus japonicus				bathydemersal marine deep-water
Gila conspersa			tropical	freshwater benthopelagic
Takifugu chinensis			temperate	marine demersal
Liobagrus obesus			temperate	freshwater benthopelagic
Pelteobagrus vachellii			subtropical	freshwater demersal
Megalobrama terminalis	10.0	24.0	temperate	freshwater benthopelagic
Mugil curema			subtropical	catadromous reef-associated freshwater marine brackish
Canthigaster coronata			tropical	reef-associated marine
Lagocephalus laevigatus			subtropical	marine brackish pelagic-neritic
Hiodon alosoides			temperate	pelagic freshwater potamodromous
Xenomystus nigri	22.0	28.0	tropical	freshwater demersal
Chitala ornata	24.0	28.0	tropical	pelagic freshwater potamodromous
Pelecus cultratus	10.0	20.0	temperate	pelagic anadromous freshwater brackish
Pygocentrus nattereri	23.0	27.0	subtropical	pelagic freshwater
Alosa sapidissima			temperate	anadromous freshwater marine brackish pelagic-neritic
Scopelengys tristis				bathypelagic marine deep-water oceanodromous
Cynoglossus semilaevis			subtropical	freshwater marine brackish demersal
Pseudorasbora pumila	15.0	20.0	temperate	freshwater benthopelagic
Lutjanus rivulatus			tropical	reef-associated marine
Talismania bifurcata				bathydemersal marine deep-water
Spinibarbus sinensis			subtropical	freshwater benthopelagic
Solenostomus cyanopterus			tropical	reef-associated marine
Chelon labrosus			subtropical	catadromous freshwater marine brackish demersal
Chaetodon auripes			tropical	reef-associated marine non-migratory
Alepocephalus longiceps				bathydemersal marine deep-water
Acentrogobius pflaumii			subtropical	marine brackish demersal
Lagocephalus wheeleri			temperate	marine demersal
Percina macrolepida			subtropical	freshwater benthopelagic
Halichoeres melanurus			tropical	reef-associated marine
Microphysogobio alticorpus			subtropical	freshwater benthopelagic
Physiculus japonicus				bathydemersal marine deep-water
Triacanthus biaculeatus	20.0	30.0	tropical	marine brackish demersal
Siganus fuscescens			tropical	reef-associated oceanodromous marine brackish
Epinephelus quoyanus			tropical	reef-associated marine
Cirrhinus molitorella	22.0	26.0	tropical	freshwater benthopelagic potamodromous
Thunnus alalunga	10.0	25.0	subtropical	pelagic-oceanic oceanodromous marine
Synodontis schoutedeni	22.0	26.0	tropical	freshwater benthopelagic
Spicara maena			subtropical	marine pelagic-neritic
Lates calcarifer	15.0	28.0	tropical	catadromous freshwater marine brackish demersal
Monodactylus argenteus	24.0	28.0	tropical	freshwater marine brackish pelagic-neritic
Rhinomuraena quaesita			tropical	reef-associated marine non-migratory
Bathygadus antrodes				bathydemersal marine deep-water
Exostoma labiatum				freshwater demersal
Gobiocypris rarus			temperate	freshwater benthopelagic
Diagramma picta			tropical	reef-associated marine non-migratory
Anguilla mossambica			tropical	catadromous freshwater marine brackish demersal
Pseudecheneis sulcata			tropical	freshwater demersal
Diaphus chrysorhynchus				bathypelagic marine deep-water
Chaenophryne melanorhabdus				bathypelagic marine deep-water
Hippoglossus stenolepis			temperate	oceanodromous marine demersal
Takifugu niphobles			temperate	marine demersal
Myctophum affine				bathypelagic marine brackish deep-water oceanodromous
Lampanyctus macdonaldi				bathypelagic marine deep-water oceanodromous
Paraconger notialis			tropical	marine demersal
Hapalogenys analis			tropical	benthopelagic marine
Epinephelus trimaculatus			tropical	reef-associated marine
Aulorhynchus flavidus			temperate	benthopelagic marine
Pseudobagrus brevicaudatus			temperate	freshwater benthopelagic
Minytrema melanops			subtropical	freshwater demersal
Arapaima gigas	25.0	29.0	tropical	freshwater demersal
Trematocranus placodon	24.0	26.0	tropical	freshwater demersal
Herwigia kreffti				bathypelagic marine deep-water
Centromochlus perugiae	26.0	28.0	tropical	freshwater benthopelagic
Aphredoderus sayanus	5.0	26.0	temperate	freshwater demersal
Notemigonus crysoleucas		35.0	temperate	freshwater demersal
Gonorynchus abbreviatus			subtropical	marine demersal
Pellonula vorax			tropical	anadromous freshwater marine brackish pelagic-neritic
Morone saxatilis	8.0	25.0	temperate	anadromous freshwater marine brackish demersal
Scomberomorus cavalla			tropical	reef-associated oceanodromous marine
Coilia reynaldi			tropical	amphidromous freshwater marine brackish pelagic-neritic
Myxus capensis			subtropical	catadromous freshwater marine brackish demersal
Pteragogus flagellifer			tropical	reef-associated marine
Tenualosa thibaudeaui			tropical	pelagic freshwater potamodromous
Siniperca chuatsi	4.0	22.0	temperate	freshwater benthopelagic
Oxymonacanthus longirostris			tropical	reef-associated marine non-migratory
Schizopygopsis thermalis				freshwater benthopelagic
Sinibrama macrops			subtropical	freshwater benthopelagic
Boulengeromyrus knoepffleri			tropical	freshwater demersal
Gymnotus carapo	22.0	28.0	subtropical	freshwater benthopelagic potamodromous
Melanotaenia lacustris	20.0	24.0	tropical	freshwater benthopelagic
Takifugu porphyreus			temperate	marine demersal
Rhodeus suigensis			temperate	freshwater benthopelagic
Channa argus	14.0	22.0	subtropical	freshwater benthopelagic
Rhyacichthys aspro			tropical	amphidromous freshwater marine brackish demersal
Lutjanus russellii			tropical	reef-associated marine brackish
Liobagrus reinii			temperate	freshwater benthopelagic
Notolychnus valdiviae				bathypelagic marine deep-water oceanodromous
Chauliodus sloani				bathypelagic marine deep-water
Benthodesmus tenuis				benthopelagic marine deep-water
Tetranematichthys quadrifilis			tropical	freshwater demersal
Acipenser transmontanus		23.0	subtropical	anadromous freshwater marine brackish demersal
Nemichthys scolopaceus				bathypelagic marine deep-water
Beryx splendens			subtropical	benthopelagic marine
Kentrocapros aculeatus			temperate	benthopelagic marine
Mylopharyngodon piceus		40.0	subtropical	freshwater demersal potamodromous
Phoxinus oxycephalus	10.0	20.0	temperate	freshwater demersal
Assurger anzac			tropical	benthopelagic marine
Leptobotia elongata	22.0	28.0	subtropical	freshwater demersal
Variola louti			tropical	reef-associated marine non-migratory
Thyrsitoides marleyi				benthopelagic marine deep-water
Pleuronichthys cornutus			temperate	marine demersal
Conger myriaster			temperate	oceanodromous marine demersal
Plagiognathops microlepis			temperate	freshwater benthopelagic
Glossogobius circumspectus			tropical	freshwater brackish demersal
Phenacobius mirabilis	5.0	25.0	subtropical	freshwater demersal
Bathytroctes microlepis				bathypelagic marine deep-water
Gambusia affinis	12.0	29.0	subtropical	freshwater benthopelagic brackish potamodromous
Koreocobitis rotundicaudata			temperate	freshwater demersal
Anyperodon leucogrammicus			tropical	reef-associated marine non-migratory
Gigantactis vanhoeffeni				bathypelagic marine deep-water
Epinephelus merra			tropical	reef-associated marine
Naso lopezi			tropical	reef-associated marine
Acrossocheilus monticola			temperate	freshwater benthopelagic
Polypterus bichir			tropical	freshwater demersal potamodromous
Salmostoma bacaila			tropical	freshwater benthopelagic brackish potamodromous
Cobitis takatsuensis			temperate	freshwater benthopelagic
Gymnocypris dobula			subtropical	freshwater benthopelagic
Parakneria cameronensis			tropical	freshwater benthopelagic
Koreocobitis naktongensis			subtropical	freshwater demersal
Glaridoglanis andersonii				freshwater demersal
Torquigener pleurogramma			subtropical	marine brackish demersal
Scarus ghobban			tropical	reef-associated marine brackish
Alepocephalus bicolor				bathydemersal marine deep-water
Sarcocheilichthys parvus			subtropical	freshwater benthopelagic
Etroplus maculatus	20.0	25.0	tropical	amphidromous freshwater benthopelagic brackish
Narcetes stomias				bathypelagic marine deep-water
Pythonichthys microphthalmus			tropical	marine demersal
Saurida undosquamis			subtropical	amphidromous reef-associated marine
Cyprinella lutrensis	15.0	25.0	temperate	freshwater benthopelagic
Xenobalistes tumidipectoris			tropical	marine demersal
Thunnus albacares	15.0	31.0	tropical	pelagic-oceanic oceanodromous marine brackish
Misgurnus anguillicaudatus	5.0	25.0	subtropical	freshwater demersal
Macrorhamphosodes uradoi			tropical	marine demersal
Merlangius merlangus			temperate	benthopelagic oceanodromous marine
Hemigrammocypris rasborella			temperate	freshwater benthopelagic brackish
Acrossocheilus hemispinus			subtropical	freshwater benthopelagic
Alepocephalus umbriceps				bathydemersal marine deep-water
Rastrelliger kanagurta	17.0		tropical	oceanodromous marine pelagic-neritic
Glyptothorax fokiensis			subtropical	freshwater benthopelagic brackish
Catostomus commersonii		29.0	temperate	catadromous freshwater demersal
Siniperca obscura			temperate	freshwater benthopelagic
Monopterus albus	25.0	28.0	tropical	freshwater brackish potamodromous demersal
Gymnocypris eckloni			temperate	freshwater benthopelagic
Gasterochisma melampus	8.0	15.0	subtropical	pelagic-oceanic oceanodromous marine
Anguilla australis			subtropical	benthopelagic freshwater marine brackish catadromous
Anoplogaster cornuta				bathypelagic marine deep-water
Pimelodus pictus	22.0	25.0	tropical	freshwater benthopelagic
Anguilla marmorata			tropical	catadromous freshwater marine brackish demersal
Chrysochir aureus			tropical	benthopelagic marine brackish
Psenes cyanophrys				bathypelagic marine deep-water oceanodromous
Gillichthys seta			subtropical	marine demersal
Coregonus oxyrinchus	4.0	20.0	temperate	anadromous freshwater marine brackish demersal
Schistura balteata			tropical	freshwater benthopelagic
Cromileptes altivelis			tropical	reef-associated marine
Gadus morhua		15.0	temperate	benthopelagic oceanodromous marine brackish
Canthigaster jactator			tropical	reef-associated marine
Tor putitora	13.0	30.0	subtropical	freshwater benthopelagic potamodromous
Gilchristella aestuaria			subtropical	amphidromous freshwater marine brackish pelagic-neritic
Thymallus thymallus	6.0	18.0	temperate	freshwater benthopelagic brackish non-migratory
Engraulis encrasicolus			subtropical	oceanodromous marine brackish pelagic-neritic
Rhodeus ocellatus	18.0	24.0	subtropical	freshwater benthopelagic
Gymnosarda unicolor	20.0	28.0	tropical	reef-associated oceanodromous marine
Lepisosteus oculatus	12.0	20.0	temperate	freshwater brackish demersal
Sciades seemanni	22.0	26.0	tropical	freshwater marine brackish demersal
Squaliobarbus curriculus			subtropical	freshwater benthopelagic
Johnius grypotus			tropical	benthopelagic marine
Thryssa baelama			tropical	reef-associated marine brackish
Papyrocranus congoensis			tropical	freshwater demersal
Brevoortia tyrannus		26.0	subtropical	oceanodromous marine brackish pelagic-neritic
Acipenser dabryanus			temperate	anadromous freshwater demersal
Astatotilapia calliptera	24.0	28.0	tropical	freshwater benthopelagic
Gila robusta			subtropical	freshwater benthopelagic
Sagamichthys abei				bathypelagic marine deep-water
Genyomyrus donnyi			tropical	freshwater demersal
Potamothrissa acutirostris			tropical	pelagic freshwater
Anguilla bengalensis			tropical	benthopelagic freshwater marine brackish catadromous
Theragra finnmarchica			polar	benthopelagic marine
Spinibarbus caldwelli			subtropical	freshwater benthopelagic
Narcetes erimelas				bathypelagic marine deep-water
Sundasalanx praecox			tropical	freshwater demersal
Pseudobagrus tokiensis			temperate	freshwater benthopelagic
Apteronotus albifrons	23.0	28.0	tropical	freshwater benthopelagic
Chromobotia macracanthus	25.0	30.0	tropical	freshwater demersal
Omegophora armilla			temperate	marine demersal
Phoxinus phoxinus	2.0	20.0	temperate	freshwater brackish potamodromous demersal
Malthopsis jordani				bathydemersal marine deep-water
Platax orbicularis	22.0	28.0	tropical	reef-associated marine brackish
Pentaceros japonicus			subtropical	benthopelagic marine
Taractes asper			temperate	pelagic-oceanic oceanodromous marine
Trachinops taeniatus			temperate	marine pelagic-neritic
Satyrichthys amiscus				marine demersal deep-water
Trachipterus trachipterus				bathypelagic marine deep-water
Trachurus trachurus			subtropical	oceanodromous marine pelagic-neritic
Lipolagus ochotensis				bathypelagic marine deep-water
Verasper variegatus			subtropical	marine demersal
Chelonodon patoca	23.0	28.0	tropical	anadromous reef-associated freshwater marine brackish
Pangasianodon hypophthalmus	22.0	26.0	tropical	freshwater benthopelagic potamodromous
Hoplunnis punctata				marine demersal deep-water
Odontamblyopus rubicundus	20.0	30.0	subtropical	amphidromous benthopelagic marine brackish
Arothron manilensis			tropical	reef-associated marine brackish
Monognathus jesperseni				bathypelagic marine deep-water
Stolephorus chinensis			tropical	marine pelagic-neritic
Chaenocephalus aceratus			polar	marine demersal
Oncorhynchus gorbuscha		21.0	subtropical	anadromous freshwater marine brackish demersal
Hemibarbus maculatus	10.0	24.0	temperate	freshwater benthopelagic
Pollachius pollachius			temperate	benthopelagic oceanodromous marine
Rexea nakamurai				benthopelagic marine deep-water
Micropterus floridanus			subtropical	freshwater benthopelagic
Gymnarchus niloticus	23.0	28.0	tropical	freshwater demersal potamodromous
Osteoglossum bicirrhosum	24.0	30.0	tropical	freshwater benthopelagic
Raiamas senegalensis	22.0	26.0	tropical	freshwater benthopelagic potamodromous
Ilisha elongata			tropical	marine brackish pelagic-neritic
Paralaubuca typus			tropical	freshwater benthopelagic potamodromous
Scaphiodonichthys acanthopterus			tropical	freshwater benthopelagic
Oxyurichthys formosanus			tropical	amphidromous marine brackish demersal
Chaetodontoplus septentrionalis			tropical	reef-associated marine non-migratory
Epinephelus moara			tropical	reef-associated marine
Tridentiger bifasciatus	10.0	25.0	temperate	amphidromous freshwater marine brackish demersal
Dactyloptena peterseni			tropical	marine demersal
Bajacalifornia megalops				bathypelagic marine deep-water
Masturus lanceolatus				bathypelagic marine brackish deep-water
Caristius macropus				bathypelagic marine deep-water
Anguilla megastoma			tropical	catadromous freshwater marine brackish demersal
Bufoceratias thele				bathypelagic marine deep-water
Epinephelus awoara			tropical	reef-associated marine
Glyptosternon maculatum				freshwater demersal
Percopsis transmontana			temperate	freshwater demersal
Abudefduf vaigiensis			tropical	reef-associated oceanodromous marine
Curimatopsis evelynae			tropical	freshwater benthopelagic
Perccottus glenii	15.0	30.0	temperate	freshwater brackish demersal
Coilia lindmani			tropical	pelagic freshwater brackish
Diaphus lucidus				bathypelagic marine deep-water oceanodromous
Mesocottus haitej			temperate	freshwater benthopelagic
Epinephelus coioides			subtropical	reef-associated marine brackish
Dendrophysa russelii			tropical	amphidromous freshwater marine brackish demersal
Trigonostigma heteromorpha	22.0	25.0	tropical	freshwater benthopelagic
Colisa lalia	25.0	28.0	tropical	freshwater benthopelagic
Ilisha africana			tropical	marine brackish pelagic-neritic
Chelonodon pleurospilus			subtropical	marine demersal
Ranzania laevis			subtropical	pelagic-oceanic marine
Abalistes stellaris			tropical	amphidromous marine demersal
Plecoglossus altivelis			subtropical	amphidromous freshwater marine brackish demersal
Alepocephalus australis				bathydemersal marine deep-water
Takifugu xanthopterus			temperate	marine demersal
Variola albimarginata			tropical	reef-associated marine
Bolinichthys pyrsobolus				pelagic-oceanic marine deep-water
Icichthys lockingtoni			subtropical	pelagic-oceanic marine
Pseudopungtungia tenuicorpus			temperate	freshwater benthopelagic
Danio dangila			tropical	freshwater benthopelagic
Petrocephalus soudanensis			tropical	freshwater demersal
Nimbochromis linni	23.0	25.0	tropical	freshwater demersal
Ammodytes personatus			temperate	oceanodromous marine demersal
Arothron firmamentum			subtropical	marine demersal
Tridentiger barbatus			temperate	brackish demersal
Ilyophis brunneus	3.0	5.0		bathypelagic marine deep-water
Plectropomus leopardus	24.0		tropical	reef-associated oceanodromous marine
Carassius auratus		41.0	subtropical	freshwater benthopelagic potamodromous
Nannoperca obscura	10.0	30.0	temperate	freshwater benthopelagic brackish
Elassoma zonatum	10.0	25.0	temperate	freshwater demersal
Leptoderma macrophthalmum				bathydemersal marine deep-water
Gempylus serpens				pelagic-oceanic oceanodromous marine deep-water
Hapalogenys nigripinnis			temperate	benthopelagic marine brackish
Chaunax pictus				bathydemersal marine deep-water
Onychostoma lini			subtropical	freshwater benthopelagic
Evoxymetopon poeyi			tropical	benthopelagic marine
Acentrophryne dolichonema				bathypelagic marine deep-water
Girella punctata			temperate	reef-associated oceanodromous marine
Opistognathus jacksoniensis	22.0	28.0	subtropical	reef-associated marine
Corydoras rabauti	23.0	25.0	tropical	freshwater demersal
Alburnus tarichi			temperate	freshwater benthopelagic
Salanx ariakensis			subtropical	anadromous freshwater marine brackish demersal
Lutjanus kasmira	20.0	28.0	tropical	reef-associated marine
Polypterus endlicherii			tropical	freshwater demersal potamodromous
Promethichthys prometheus			subtropical	benthopelagic oceanodromous marine
Caranx melampygus			tropical	reef-associated marine brackish
Leuciscus waleckii	10.0	20.0	temperate	freshwater benthopelagic potamodromous
Gyrinocheilus aymonieri	25.0	28.0	tropical	freshwater demersal potamodromous
Coilia ectenes			subtropical	anadromous freshwater marine brackish pelagic-neritic
Mormyrops anguilloides	22.0	24.0	tropical	freshwater demersal potamodromous
Clupea harengus	1.0	18.0	temperate	benthopelagic oceanodromous marine brackish
Erpetoichthys calabaricus	22.0	28.0	tropical	freshwater brackish demersal
Trachyrincus murrayi			temperate	benthopelagic marine
Pseudobagrus ussuriensis	12.0	25.0	temperate	freshwater demersal non-migratory
Rhynchocypris kumgangensis			temperate	freshwater benthopelagic
Pareutropius debauwi			tropical	freshwater demersal
Amanses scopas			tropical	reef-associated marine
Thunnus obesus	13.0	29.0	subtropical	pelagic-oceanic oceanodromous marine
Aphyocypris kikuchii			subtropical	freshwater benthopelagic
Oreochromis aureus	8.0	30.0	tropical	freshwater benthopelagic brackish potamodromous
Chitala lopis			tropical	freshwater demersal
Lamprogrammus niger				bathypelagic marine deep-water
Salangichthys microdon			polar	anadromous freshwater marine brackish demersal
Arripis trutta			subtropical	anadromous marine brackish pelagic-neritic
Boulengerella maculata	23.0	27.0	tropical	pelagic freshwater
Polymixia japonica				bathypelagic marine deep-water
Mugil cephalus	8.0	24.0	subtropical	benthopelagic freshwater marine brackish catadromous
Lycengraulis grossidens			subtropical	anadromous freshwater marine brackish pelagic-neritic
Protoanguilla palau			tropical	reef-associated marine
Rasbora steineri	22.0	24.0	tropical	freshwater benthopelagic
Harpadon microchir			tropical	marine demersal
Pseudolaubuca engraulis			subtropical	freshwater benthopelagic
Eumegistus illustris				bathypelagic marine deep-water
Anguilla bicolor			tropical	catadromous freshwater marine brackish demersal
Silurus lanzhouensis			temperate	freshwater demersal
Sarcocheilichthys variegatus			temperate	freshwater benthopelagic
Pterapogon kauderni			tropical	marine demersal
Stolephorus waitei			tropical	oceanodromous freshwater marine brackish pelagic-neritic
Scomberomorus niphonius			temperate	oceanodromous marine pelagic-neritic
Lutjanus bengalensis			tropical	reef-associated marine
Coilia mystus			tropical	amphidromous freshwater marine brackish pelagic-neritic
Pampus punctatissimus			subtropical	benthopelagic marine
Rhynchocypris lagowskii	16.0	20.0	temperate	freshwater benthopelagic
Tetractenos glaber			subtropical	freshwater marine brackish demersal
Puntius tetrazona	20.0	26.0	tropical	freshwater benthopelagic
Cyphomyrus discorhynchus	22.0	24.0	tropical	freshwater demersal
Plectropomus areolatus			tropical	reef-associated marine
Kurtus gulliveri	20.0	28.0	tropical	freshwater benthopelagic brackish
Platycephalus indicus			subtropical	reef-associated oceanodromous marine brackish
Scomber japonicus	10.0	27.0	subtropical	oceanodromous marine pelagic-neritic
Epinephelus epistictus			tropical	marine demersal
Moringua microchir			tropical	reef-associated marine brackish
Trachidermus fasciatus			subtropical	benthopelagic freshwater marine brackish catadromous
Diodon holocanthus			subtropical	reef-associated marine
Lampris guttatus				bathypelagic marine deep-water oceanodromous
Leptoderma lubricum				bathypelagic marine deep-water
Benthosema fibulatum				bathypelagic marine deep-water oceanodromous
Hypomesus nipponensis			temperate	pelagic anadromous freshwater brackish
Scarus rubroviolaceus			tropical	reef-associated marine
Elassoma evergladei	10.0	30.0	temperate	freshwater demersal
Synechogobius ommaturus			subtropical	freshwater demersal
Auxis rochei		28.0	tropical	oceanodromous marine brackish pelagic-neritic
Moxostoma poecilurum			temperate	freshwater demersal
Psettodes erumei			tropical	marine demersal
Spratelloides delicatulus			tropical	reef-associated marine
Sebastiscus marmoratus			tropical	oceanodromous marine demersal
Tetrapturus angustirostris			subtropical	pelagic-oceanic oceanodromous marine
Mola mola	12.0	25.0	subtropical	pelagic-oceanic oceanodromous marine
Brienomyrus niger	22.0	24.0	tropical	freshwater benthopelagic
Stiphodon alcedo			subtropical	freshwater demersal
Trichiurus lepturus			subtropical	amphidromous benthopelagic marine brackish
Diaphus theta				bathypelagic marine deep-water
Pangasius larnaudii			tropical	freshwater benthopelagic potamodromous
Cromeria nilotica			tropical	freshwater benthopelagic
Acanthurus lineatus	24.0	30.0	tropical	reef-associated marine
Chaenomugil proboscideus			tropical	marine pelagic-neritic
Oncorhynchus keta		24.0	temperate	benthopelagic freshwater marine brackish anadromous
Gudusia chapra			subtropical	pelagic freshwater brackish potamodromous
Serrivomer beanii				bathypelagic marine deep-water
Liobagrus marginatoides			temperate	freshwater benthopelagic
Odonus niger			tropical	reef-associated oceanodromous marine
Menidia menidia	1.0	33.0	temperate	oceanodromous marine brackish pelagic-neritic
Lagocephalus sceleratus			tropical	reef-associated marine
Onychostoma simum			subtropical	freshwater benthopelagic
Monocentris japonicus			tropical	reef-associated marine
Crossorhombus azureus			tropical	marine demersal
Balistapus undulatus			tropical	reef-associated marine
Helogenes marmoratus	22.0	26.0	tropical	freshwater demersal
Trachinotus ovatus			subtropical	marine brackish pelagic-neritic
Bassozetus zenkevitchi				bathypelagic marine deep-water
Pseudorasbora parva	5.0	22.0	temperate	freshwater benthopelagic
Aeoliscus strigatus			tropical	reef-associated marine
Muraenesox bagio			tropical	oceanodromous marine brackish demersal
Sinibotia superciliaris	20.0	26.0	subtropical	freshwater demersal
Astyanax mexicanus			subtropical	freshwater benthopelagic potamodromous
Gnathopogon elongatus			temperate	freshwater benthopelagic
Sicamugil cascasia			tropical	freshwater demersal potamodromous
Sinocyclocheilus grahami			temperate	freshwater benthopelagic brackish
Avocettina infans				bathypelagic marine deep-water
Rhodeus pseudosericeus			temperate	pelagic freshwater
Nesiarchus nasutus				benthopelagic marine deep-water
Agonostomus monticola	20.0	31.0	subtropical	catadromous freshwater marine brackish pelagic-neritic
Pagrus major			subtropical	oceanodromous marine demersal
Oryzias sarasinorum	24.0	29.0	tropical	pelagic freshwater
Retropinna retropinna			subtropical	anadromous freshwater marine brackish demersal
Campylomormyrus numenius	22.0	25.0	tropical	freshwater demersal
Hypentelium nigricans			temperate	freshwater demersal potamodromous
Labracinus cyclophthalmus	22.0	26.0	tropical	reef-associated marine
Echeneis naucrates			subtropical	reef-associated marine brackish
Bostrychus sinensis			tropical	amphidromous freshwater marine brackish demersal
Beryx decadactylus				bathydemersal marine deep-water
Spratelloides gracilis			tropical	marine pelagic-neritic
Sicyopterus japonicus			subtropical	amphidromous freshwater marine brackish demersal
Oryzias minutillus	22.0	25.0	tropical	freshwater benthopelagic non-migratory
Auriglobus modestus	23.0	28.0	tropical	freshwater demersal
Sundasalanx mekongensis			tropical	freshwater demersal
Sardinops melanostictus	9.0	21.0	subtropical	oceanodromous marine pelagic-neritic
Leiocassis crassilabris	15.0	25.0	subtropical	freshwater demersal
Gnathopogon strigatus			temperate	freshwater benthopelagic
Lepomis macrochirus	1.0	36.0	subtropical	freshwater benthopelagic
Pagrus auriga			subtropical	benthopelagic oceanodromous marine
Potamothrissa obtusirostris			tropical	pelagic freshwater
Odontobutis platycephala			subtropical	freshwater benthopelagic
Coelophrys brevicaudata			subtropical	marine demersal
Umbra pygmaea	4.0	23.0	temperate	freshwater demersal non-migratory
Scarus schlegeli			tropical	reef-associated marine
Silurus asotus	5.0	25.0	temperate	freshwater demersal
Epinephelus septemfasciatus			tropical	reef-associated marine non-migratory
Helicolenus hilgendorfi			temperate	marine demersal
Microrasbora erythromicron	21.0	25.0	tropical	freshwater benthopelagic
Diretmus argenteus				bathypelagic marine deep-water
Liza affinis			subtropical	marine brackish pelagic-neritic
Creteuchiloglanis kamengensis				freshwater benthopelagic
Oedalechilus labeo			subtropical	marine brackish demersal
Microthrissa congica			tropical	pelagic freshwater
Parachanna insignis	22.0	28.0	tropical	freshwater benthopelagic
Chalceus macrolepidotus	23.0	28.0	tropical	pelagic freshwater
Torquigener hypselogeneion			tropical	marine brackish demersal
Ptychochromoides katria			tropical	freshwater demersal
Labichthys carinatus				bathypelagic marine deep-water
Hypophthalmichthys molitrix	6.0	28.0	subtropical	freshwater benthopelagic potamodromous
Linophryne bicornis				bathypelagic marine deep-water
Phoxinus perenurus	15.0	23.0	subtropical	freshwater benthopelagic non-migratory
Pellonula leonensis			tropical	anadromous freshwater marine brackish pelagic-neritic
Diplacanthopoma brachysoma				bathydemersal marine deep-water
Polymixia lowei				bathydemersal marine deep-water
Cobitis sinensis			subtropical	freshwater benthopelagic
Diretmoides veriginae				bathypelagic marine deep-water
Tropheus moorii	24.0	26.0	tropical	freshwater benthopelagic
Pegasus volitans			tropical	marine brackish demersal
Thunnus maccoyii	5.0	20.0	temperate	pelagic-oceanic oceanodromous marine
Scorpis lineolata			temperate	reef-associated marine brackish
Myomyrus macrops			tropical	freshwater demersal
Gymnogobius petschiliensis			temperate	amphidromous freshwater marine brackish demersal
Astronotus ocellatus	22.0	25.0	tropical	freshwater benthopelagic
Campostoma anomalum			subtropical	freshwater benthopelagic
Clupeoides borneensis			tropical	pelagic freshwater brackish
Oryzias dancena			tropical	freshwater benthopelagic brackish
Cranoglanis bouderius			tropical	freshwater demersal
Scomber colias			temperate	marine brackish pelagic-neritic
Ijimaia dofleini				bathydemersal marine deep-water
Lepidocybium flavobrunneum				benthopelagic oceanodromous marine deep-water
Alepocephalus tenebrosus				bathydemersal marine deep-water
Platytroctes apus				bathypelagic marine deep-water
Gymnothorax kidako			tropical	reef-associated marine
Nannobrachium ritteri				bathypelagic marine deep-water
Notropis stramineus			temperate	freshwater benthopelagic
Hyporthodus octofasciatus				bathydemersal marine deep-water
Xiphias gladius	5.0	27.0	temperate	pelagic-oceanic oceanodromous marine
Zalieutes elater			tropical	marine demersal
Antennarius striatus			subtropical	reef-associated marine brackish
Niwaella delicata			temperate	freshwater demersal
Poromitra oscitans				bathypelagic marine deep-water
Crenimugil crenilabis			tropical	reef-associated marine brackish non-migratory
Polypterus delhezi	26.0	28.0	tropical	freshwater demersal
Ictiobus bubalus		32.0	temperate	freshwater demersal
Saurogobio dumerili			subtropical	freshwater benthopelagic
Euthynnus alletteratus			tropical	reef-associated oceanodromous marine brackish
Pseudobagrus trilineatus			subtropical	freshwater benthopelagic
Synodus variegatus			tropical	reef-associated marine
Benthosema glaciale				pelagic-oceanic marine non-migratory deep-water
Paramonacanthus choirocephalus			tropical	marine demersal
Diogenichthys atlanticus				bathypelagic marine deep-water oceanodromous
Carpiodes carpio			subtropical	freshwater demersal
Bathylaco nigricans				bathypelagic marine deep-water
Aluterus scriptus			subtropical	reef-associated marine
Escualosa thoracata			tropical	amphidromous freshwater marine brackish pelagic-neritic
Puntius semifasciolatus	18.0	24.0	subtropical	freshwater benthopelagic
Cetostoma regani				bathypelagic marine deep-water
Hemiodopsis gracilis	23.0	27.0	tropical	freshwater benthopelagic
Solea senegalensis			subtropical	marine demersal
Cheilinus undulatus			tropical	reef-associated marine
Hypselecara temporalis	25.0	30.0	tropical	freshwater benthopelagic
Neoscopelus macrolepidotus				bathypelagic marine non-migratory deep-water
Eubalichthys mosaicus			temperate	reef-associated marine
Polyodon spathula	10.0	18.0	temperate	freshwater demersal potamodromous
Aulopus japonicus			tropical	marine demersal
Oryzias javanicus	22.0	25.0	tropical	freshwater benthopelagic brackish non-migratory
Danacetichthys galathenus				bathypelagic marine deep-water
Liobagrus nigricauda			subtropical	freshwater benthopelagic
Lampanyctus crocodilus				bathypelagic marine deep-water oceanodromous
Silurus meridionalis			subtropical	freshwater demersal
Amphiprion bicinctus			tropical	reef-associated marine non-migratory
Setipinna taty			tropical	oceanodromous marine brackish pelagic-neritic
Nibea albiflora			temperate	benthopelagic marine
Scombrolabrax heterolepis			subtropical	benthopelagic oceanodromous marine
Fundulus olivaceus	15.0	25.0	temperate	freshwater benthopelagic non-migratory
Sinocyclocheilus altishoulderus			temperate	freshwater benthopelagic
Parahucho perryi			temperate	benthopelagic freshwater marine brackish anadromous
Sphoeroides annulatus			subtropical	reef-associated marine brackish
Bahaba taipingensis			subtropical	benthopelagic marine brackish
Zeus faber			temperate	benthopelagic oceanodromous marine brackish
Moolgarda cunnesius			tropical	catadromous freshwater marine brackish demersal
Channa maculata			tropical	freshwater benthopelagic
Gillichthys mirabilis			subtropical	marine brackish demersal
Oryzias latipes	18.0	24.0	subtropical	amphidromous freshwater benthopelagic brackish
Gobiobotia brevibarba			temperate	freshwater benthopelagic
Xenocypris davidi			subtropical	freshwater benthopelagic brackish
Xiphophorus maculatus	18.0	25.0	tropical	freshwater benthopelagic non-migratory
Eleotris acanthopoma			tropical	amphidromous freshwater marine brackish demersal
Zebrasoma flavescens	24.0	28.0	tropical	reef-associated marine
Nematalosa come			tropical	marine pelagic-neritic
Oryzias melastigma			tropical	freshwater benthopelagic brackish
Pelteobagrus fulvidraco	16.0	25.0	temperate	freshwater demersal non-migratory
Galaxias maculatus	10.0	22.0	temperate	benthopelagic freshwater marine brackish catadromous
Sprattus sprattus			temperate	oceanodromous marine brackish pelagic-neritic
Alburnus alburnus	10.0	20.0	temperate	freshwater benthopelagic brackish potamodromous
Champsocephalus gunnari			polar	pelagic-oceanic marine
Pholis crassispina			temperate	marine demersal
Dorosoma cepedianum		32.0	subtropical	anadromous freshwater marine brackish pelagic-neritic
Neoceratias spinifer				marine demersal deep-water
Polypterus palmas	26.0	28.0	tropical	freshwater demersal
Gnathonemus petersii	22.0	28.0	tropical	freshwater demersal
Chaetodermis penicilligera			tropical	reef-associated marine
Osteochilus salsburyi			tropical	freshwater benthopelagic
Rachycentron canadum			subtropical	reef-associated oceanodromous marine brackish
Anguilla reinhardtii			tropical	catadromous freshwater marine brackish demersal
Yaoshanicus arcus			subtropical	freshwater benthopelagic
Harpadon nehereus			tropical	benthopelagic oceanodromous marine brackish
Enophrys diceraus			temperate	marine demersal
Melanocetus johnsoni				bathypelagic marine deep-water
Parazen pacificus				bathydemersal marine deep-water
Melanogrammus aeglefinus			temperate	oceanodromous marine demersal
Gymnocypris namensis			temperate	freshwater benthopelagic
Hippocampus kuda			tropical	reef-associated marine brackish non-migratory
Crenuchus spilurus	24.0	28.0	tropical	pelagic freshwater
Gyrinomimus sp.			polar	benthopelagic marine
Tetraodon mbu	24.0	26.0	tropical	freshwater brackish demersal
Bathytroctes breviceps				bathypelagic marine deep-water
Pomatomus saltatrix			subtropical	pelagic-oceanic oceanodromous marine brackish
Larimichthys polyactis			subtropical	benthopelagic oceanodromous marine
Anarhichas minor			temperate	oceanodromous marine demersal
Lethrinus obsoletus			tropical	reef-associated marine non-migratory
Makaira mazara	21.0		subtropical	pelagic-oceanic oceanodromous marine
Pareuchiloglanis gracilicaudata			temperate	freshwater benthopelagic
Cubiceps pauciradiatus			tropical	bathypelagic marine
Chitala blanci			tropical	freshwater demersal potamodromous
Trichiurus japonicus			subtropical	amphidromous benthopelagic marine brackish
Synbranchus marmoratus	22.0	34.0	subtropical	freshwater brackish potamodromous demersal
Raiamas guttatus			tropical	freshwater benthopelagic potamodromous
Valamugil cunnesius			tropical	catadromous freshwater marine brackish demersal
Coregonus clupeaformis			temperate	anadromous freshwater marine brackish demersal
Chaeturichthys stigmatias			temperate	marine demersal
Alepocephalus agassizii				bathydemersal marine deep-water
Schedophilus velaini				bathypelagic marine deep-water
Pseudorasbora elongata			subtropical	freshwater benthopelagic
Pteraclis aesticola			temperate	benthopelagic oceanodromous marine
Cynoponticus ferox			subtropical	marine demersal
Synaphobranchus kaupii	-1.0	10.0		bathydemersal marine deep-water
Triodon macropterus			tropical	reef-associated marine
Chanodichthys dabryi			temperate	freshwater benthopelagic
Micropterus dolomieu	10.0	30.0	temperate	freshwater benthopelagic
Liobagrus anguillicauda			temperate	freshwater benthopelagic
Scomberomorus munroi			tropical	oceanodromous marine pelagic-neritic
Salarias fasciatus			tropical	reef-associated marine
Tetraodon cutcutia	24.0	28.0	tropical	freshwater brackish potamodromous demersal
Scomberomorus semifasciatus			tropical	oceanodromous marine brackish pelagic-neritic
Amazonsprattus scintilla			tropical	pelagic freshwater
Leiocassis longirostris			temperate	freshwater demersal
Oryzias luzonensis			tropical	freshwater benthopelagic non-migratory
Himantolophus groenlandicus				bathypelagic marine deep-water
Nannoperca australis	10.0	30.0	temperate	freshwater benthopelagic
Sphyraena barracuda			subtropical	reef-associated marine brackish
Rasbora cephalotaenia	22.0	24.0	tropical	freshwater benthopelagic
Oneirodes thompsoni	2.0	4.0		bathypelagic marine deep-water
Aldrovandia affinis				benthopelagic marine deep-water
Torquigener brevipennis			subtropical	marine demersal
Aspidoparia morar	22.0		tropical	freshwater benthopelagic
Heterotis niloticus	25.0	30.0	tropical	pelagic freshwater
Taaningichthys minimus				bathypelagic marine deep-water oceanodromous
Bathyprion danae				bathypelagic marine deep-water
Rhinogobius giurinus			subtropical	amphidromous freshwater marine brackish demersal
Brama japonica	9.0	21.0	subtropical	pelagic-oceanic oceanodromous marine
Macrochirichthys macrochirus			tropical	freshwater benthopelagic
Colomesus asellus	22.0	28.0	tropical	freshwater demersal
Lampadena atlantica				bathypelagic marine deep-water oceanodromous
Siganus unimaculatus	26.0	28.0	tropical	reef-associated marine
Aesopia cornuta			tropical	reef-associated marine
Balistoides conspicillum			tropical	reef-associated marine brackish
Pseudopentaceros wheeleri			temperate	benthopelagic marine
Polypterus ornatipinnis	26.0	28.0	tropical	freshwater demersal
Polypterus mokelembembe			tropical	freshwater demersal
Pelteobagrus nitidus			temperate	freshwater demersal
Zenopsis nebulosus				benthopelagic marine deep-water
Brachymystax lenok			temperate	anadromous freshwater benthopelagic
Homatula variegatus			subtropical	freshwater demersal
Nothobranchius furzeri	23.0	30.0	tropical	freshwater benthopelagic non-migratory
Aldrichetta forsteri		28.0	temperate	catadromous freshwater marine brackish demersal
Cyprinus carpio	3.0	35.0	subtropical	freshwater benthopelagic brackish potamodromous
Oreoleuciscus potanini	10.0	20.0	temperate	freshwater demersal
Squalidus wolterstorffi			subtropical	freshwater benthopelagic brackish
Tetragonurus atlanticus			subtropical	pelagic-oceanic oceanodromous marine
Ammodytes hexapterus			temperate	benthopelagic oceanodromous marine brackish
Chirocentrus dorab			tropical	amphidromous reef-associated marine brackish
Onychostoma alticorpus			subtropical	freshwater benthopelagic
Ctenopharyngodon idella		35.0	subtropical	freshwater demersal potamodromous
Phenacogrammus interruptus	23.0	26.0	tropical	freshwater benthopelagic
Barbus barbus	10.0	24.0	temperate	freshwater benthopelagic potamodromous
Takifugu obscurus			subtropical	anadromous freshwater marine brackish demersal
Cyprinella spiloptera			temperate	freshwater benthopelagic
Megalops atlanticus			subtropical	amphidromous reef-associated freshwater marine brackish
Setipinna melanochir			tropical	freshwater marine brackish pelagic-neritic
Dimidiochromis compressiceps	22.0	28.0	tropical	freshwater benthopelagic
Microphysogobio koreensis			temperate	freshwater benthopelagic
Stenodus leucichthys			boreal	anadromous freshwater marine brackish demersal
Nessorhamphus ingolfianus				bathypelagic marine deep-water
Pennahia argentata			temperate	benthopelagic oceanodromous marine
Parargyrops edita			subtropical	freshwater brackish demersal
Silurus glanis	4.0	20.0	temperate	freshwater benthopelagic brackish non-migratory
Schizothorax macropogon				freshwater benthopelagic
Acantopsis choirorhynchos			tropical	freshwater brackish demersal
Trypauchen vagina			tropical	amphidromous marine brackish demersal
Heteropneustes fossilis	21.0	25.0	tropical	freshwater brackish demersal
Catla catla	18.0	28.0	subtropical	freshwater benthopelagic brackish potamodromous
Acheilognathus intermedia			temperate	freshwater benthopelagic
Mormyrus rume			tropical	freshwater demersal potamodromous
Conocara murrayi				bathypelagic marine deep-water
Hucho bleekeri			subtropical	freshwater benthopelagic potamodromous
Acheilognathus somjinensis			temperate	freshwater benthopelagic
Lycodes toyamensis			temperate	marine demersal
Lutjanus sebae			tropical	reef-associated marine brackish
Diaphus gigas			temperate	pelagic-oceanic marine
Odax cyanomelas			subtropical	marine pelagic-neritic
Melichthys vidua			tropical	reef-associated marine
Polypterus weeksii			tropical	freshwater demersal
Pseudobalistes flavimarginatus			tropical	reef-associated marine
Emmelichthys struhsakeri			temperate	benthopelagic marine
Halieutaea stellata			tropical	marine demersal
Cottus reinii			temperate	freshwater demersal
Sargocentron rubrum			subtropical	reef-associated marine
Anguilla rostrata	4.0	25.0	subtropical	catadromous freshwater marine brackish demersal
Grasseichthys gabonensis			tropical	freshwater benthopelagic
Pollachius virens			temperate	oceanodromous marine demersal
Heteroconger hassi			tropical	reef-associated marine non-migratory
Cobitis choii			subtropical	freshwater demersal non-migratory
Acreichthys tomentosus			tropical	reef-associated marine non-migratory
Alepocephalus bairdii				bathydemersal marine deep-water
Neolamprologus brichardi	22.0	25.0	tropical	freshwater benthopelagic
Luvarus imperialis			subtropical	pelagic-oceanic oceanodromous marine
Lampadena yaquinae				bathypelagic marine deep-water
Lota lota	4.0	18.0	temperate	freshwater brackish potamodromous demersal
Xiphophorus hellerii	22.0	28.0	tropical	freshwater benthopelagic brackish non-migratory
Phoxinus steindachneri			temperate	freshwater benthopelagic
Brienomyrus brachyistius	25.0	28.0	tropical	freshwater benthopelagic brackish
Homaloptera leonardi			tropical	freshwater demersal
Hemibarbus labeo			temperate	freshwater benthopelagic potamodromous
Makaira indica	15.0	30.0	subtropical	pelagic-oceanic oceanodromous marine
Seriola quinqueradiata			subtropical	oceanodromous marine demersal
Pterygoplichthys disjunctivus			tropical	freshwater demersal
Coreoperca kawamebari	10.0	23.0	temperate	freshwater benthopelagic
Phractolaemus ansorgii	25.0	30.0	tropical	freshwater benthopelagic
Parapristipoma trilineatum			subtropical	benthopelagic oceanodromous marine
Acanthurus leucosternon	23.0	28.0	tropical	reef-associated marine
Nansenia ardesiaca				bathydemersal marine deep-water
Reinhardtius hippoglossoides	-1.0	4.0	boreal	benthopelagic oceanodromous marine
Gyrinomimus myersi				bathypelagic marine deep-water
Canthigaster valentini			tropical	reef-associated marine
Argyrosomus japonicus			tropical	benthopelagic oceanodromous marine brackish
Pseudotropheus crabro	24.0	26.0	tropical	freshwater demersal
Takifugu vermicularis			temperate	marine demersal
Seriola lalandi	18.0	24.0	subtropical	benthopelagic marine brackish
Hexagrammos agrammus			temperate	oceanodromous marine demersal
Eurypegasus draconis			tropical	reef-associated marine brackish
Isichthys henryi	22.0	24.0	tropical	freshwater demersal
Ataxolepis apus			tropical	bathypelagic marine
Onychostoma barbatulum			subtropical	freshwater benthopelagic
Hoplias malabaricus	20.0	26.0	tropical	freshwater benthopelagic potamodromous
Xyrauchen texanus			temperate	freshwater demersal potamodromous
Distichodus sexfasciatus	22.0	26.0	tropical	pelagic freshwater
Puntius chalakkudiensis			tropical	freshwater benthopelagic
Ceratoscopelus maderensis				bathypelagic marine deep-water oceanodromous
Prosopium cylindraceum			temperate	freshwater brackish potamodromous demersal
Zacco platypus	10.0	22.0	subtropical	freshwater benthopelagic
Thunnus tonggol			tropical	oceanodromous marine pelagic-neritic
Xenocypris argentea			subtropical	freshwater benthopelagic
Acipenser schrenckii	10.0	20.0	temperate	anadromous freshwater marine brackish demersal
Heniochus diphreutes			subtropical	reef-associated marine non-migratory
Lepomis cyanellus	18.0	32.0	subtropical	freshwater benthopelagic
Tylerius spinosissimus				bathydemersal marine deep-water
Tenualosa toli			tropical	anadromous freshwater marine brackish pelagic-neritic
Merluccius merluccius			temperate	marine demersal
Apogon semilineatus			tropical	reef-associated marine brackish
Myripristis berndti			tropical	reef-associated marine
Benthosema pterotum				bathypelagic marine deep-water
Leptobotia mantschurica	16.0	20.0	temperate	freshwater demersal non-migratory
Monacanthus chinensis			tropical	reef-associated marine
Tylochromis polylepis			tropical	freshwater demersal
Rhynchopelates oxyrhynchus			tropical	benthopelagic freshwater marine brackish
Diceratias pileatus				bathypelagic marine deep-water
Zu cristatus				bathypelagic marine deep-water
Enoplosus armatus			temperate	reef-associated marine brackish
Luciogobius platycephalus			temperate	marine demersal
Anguilla obscura			tropical	catadromous freshwater marine brackish demersal
Oxuderces dentatus			tropical	amphidromous freshwater brackish demersal
Rinoctes nasutus				bathypelagic marine deep-water
Arothron hispidus	25.0		tropical	reef-associated marine brackish non-migratory
Stemonidium hypomelas				bathypelagic marine deep-water
Thunnus orientalis			subtropical	pelagic-oceanic oceanodromous marine brackish
Arctoscopus japonicus				bathydemersal marine deep-water
Lophius americanus			temperate	oceanodromous marine demersal
Cypselurus hiraii			temperate	marine pelagic-neritic
Thymallus arcticus			temperate	freshwater benthopelagic
Acanthaluteres brownii			subtropical	reef-associated marine
Rhynchactis macrothrix				bathypelagic marine deep-water
Glyptothorax trilineatus	10.0	20.0		freshwater benthopelagic
Larimichthys crocea			temperate	benthopelagic oceanodromous marine brackish
Aphyocypris chinensis			temperate	freshwater benthopelagic
Tropheus duboisi	24.0	26.0	tropical	freshwater demersal
Takifugu rubripes			temperate	non-migratory freshwater marine brackish demersal
Osmerus mordax			temperate	pelagic-oceanic freshwater marine brackish anadromous
Hippocampus comes			tropical	reef-associated marine non-migratory
Callionymus curvicornis			subtropical	freshwater marine brackish demersal
Amphiprion ocellaris			tropical	reef-associated marine non-migratory
Carangoides armatus			tropical	reef-associated marine brackish
Sardinella maderensis	24.0		subtropical	oceanodromous marine brackish pelagic-neritic
Notothenia coriiceps			polar	marine demersal
Hepsetus odoe	26.0	28.0	tropical	freshwater demersal potamodromous
Aulostomus chinensis			tropical	reef-associated marine
Eleutheronema tetradactylum			tropical	amphidromous freshwater marine brackish pelagic-neritic
Ctenolucius hujeta	22.0	25.0	tropical	pelagic freshwater
Siniperca knerii			temperate	freshwater benthopelagic brackish
Citharinus congicus	22.0	26.0	tropical	pelagic freshwater
Scartelaos histophorus			tropical	amphidromous marine brackish demersal
Sphoeroides pachygaster			subtropical	benthopelagic marine
Acheilognathus typus			temperate	freshwater benthopelagic
Siniperca scherzeri			temperate	freshwater benthopelagic brackish
Nealotus tripes				bathypelagic marine deep-water oceanodromous
Liobagrus kingi			temperate	freshwater benthopelagic
Tetraodon biocellatus	22.0	26.0	tropical	freshwater demersal
Melanocetus murrayi				bathypelagic marine deep-water
Scomber scombrus			temperate	oceanodromous marine brackish pelagic-neritic
Neoscopelus microchir				bathypelagic marine deep-water
Cyema atrum				bathypelagic marine deep-water
Leptobarbus hoevenii	23.0	26.0	tropical	pelagic freshwater potamodromous
Canthigaster rivulata			tropical	reef-associated marine
Plotosus japonicus			temperate	benthopelagic marine
Coilia nasus			subtropical	anadromous freshwater marine brackish pelagic-neritic
Microphis brachyurus			tropical	anadromous freshwater marine brackish demersal
Symbolophorus californiensis			subtropical	pelagic-oceanic marine
Huso huso	10.0	20.0	temperate	anadromous freshwater marine brackish demersal
Aplocheilus panchax	20.0	25.0	tropical	freshwater benthopelagic brackish non-migratory
Epinephelus akaara			tropical	reef-associated marine
Crossostoma lacustre			subtropical	freshwater demersal
Pseudaspius leptocephalus			temperate	freshwater benthopelagic
Myctophum orientale				bathypelagic marine deep-water
Pseudopentaceros richardsoni			temperate	pelagic-oceanic marine
Ictalurus punctatus	10.0	32.0	subtropical	freshwater benthopelagic
Microphysogobio brevirostris			subtropical	freshwater benthopelagic
Nettastoma parviceps				benthopelagic marine deep-water
Chilomycterus reticulatus			subtropical	reef-associated marine
Hippoglossus hippoglossus			temperate	oceanodromous marine demersal
Psilorhynchus sucatio	15.0	23.0	subtropical	freshwater demersal
Scatophagus argus	20.0	28.0	tropical	amphidromous reef-associated freshwater marine brackish
Konosirus punctatus			subtropical	oceanodromous marine brackish pelagic-neritic
Schizothorax biddulphi			temperate	freshwater benthopelagic
Carapus bermudensis			tropical	reef-associated marine non-migratory
Euchiloglanis kishinouyei			subtropical	freshwater demersal
Pararasbora moltrechti			subtropical	freshwater benthopelagic
Sardinella albella			tropical	reef-associated marine
Coryphaena equiselis	24.0		subtropical	pelagic-oceanic oceanodromous marine
Spinachia spinachia			temperate	benthopelagic marine brackish non-migratory
Anguilla interioris			tropical	catadromous freshwater marine brackish demersal
Caulophryne jordani				bathypelagic marine deep-water
Dysalotus alcocki				bathypelagic marine deep-water oceanodromous
Epinephelus fuscoguttatus			tropical	reef-associated marine
Spinibarbus denticulatus			subtropical	freshwater benthopelagic
Fundulus grandis	22.0	26.0	tropical	freshwater benthopelagic brackish potamodromous
Stephanolepis cirrhifer			temperate	oceanodromous marine demersal
Peprilus triacanthus			subtropical	benthopelagic oceanodromous marine brackish
Coregonus nasus			polar	anadromous freshwater marine brackish demersal
Takifugu chrysops			temperate	marine demersal
Hyperlophus vittatus			temperate	amphidromous marine brackish pelagic-neritic
Atractosteus spatula			subtropical	freshwater brackish demersal
Sphoeroides parvus			subtropical	marine brackish demersal
Salvelinus fontinalis		25.0	temperate	anadromous freshwater marine brackish demersal
Hemibagrus macropterus			temperate	freshwater demersal
Centrobranchus choerocephalus				bathypelagic marine deep-water
Esox niger	10.0	20.0	temperate	freshwater demersal non-migratory
Pollimyrus adspersus	22.0	24.0	tropical	freshwater demersal
Mylocheilus caurinus			temperate	freshwater brackish demersal
Esox lucius	10.0	28.0	subtropical	freshwater brackish potamodromous demersal
Exocoetus volitans			subtropical	oceanodromous marine pelagic-neritic
Pseudolabrus eoethinus			subtropical	reef-associated marine
Horadandia atukorali	24.0	26.0	tropical	pelagic freshwater brackish
Anoplocapros lenticularis			subtropical	marine demersal
Myctophum nitidulum				bathypelagic marine deep-water oceanodromous
Lagocephalus lunaris			tropical	oceanodromous marine brackish demersal
Salvelinus alpinus	4.0	16.0	temperate	benthopelagic freshwater marine brackish anadromous
Microdevario nana			tropical	freshwater benthopelagic brackish
Mene maculata			tropical	reef-associated marine brackish
Acrossocheilus wenchowensis			subtropical	freshwater benthopelagic brackish
Chlorophthalmus agassizi	5.0	13.0		bathydemersal marine brackish deep-water
Scarus forsteni			tropical	reef-associated marine
Thaumatichthys pagidostomus				bathydemersal marine deep-water
Nematalosa japonica			tropical	benthopelagic marine
Tribolodon hakonensis			temperate	freshwater benthopelagic brackish
Gadus chalcogrammus			polar	benthopelagic marine brackish non-migratory
Simenchelys parasitica	4.0	9.0		bathydemersal marine deep-water
Sciaenops ocellatus			subtropical	oceanodromous marine brackish demersal
Dallia pectoralis	4.0	14.0	boreal	freshwater demersal
Cymatogaster aggregata			subtropical	non-migratory freshwater marine brackish demersal
Acanthopagrus schlegelii			subtropical	marine brackish demersal
Schizothorax richardsonii			tropical	freshwater demersal potamodromous
Cheilochromis euchilus	24.0	26.0	tropical	freshwater benthopelagic non-migratory
Oncorhynchus tshawytscha		25.0	temperate	benthopelagic freshwater marine brackish anadromous
Collichthys lucidus			subtropical	oceanodromous marine demersal
Psilorhynchus homaloptera			tropical	freshwater demersal
Istiophorus platypterus			subtropical	pelagic-oceanic oceanodromous marine
Chilodus punctatus	24.0	28.0	tropical	pelagic freshwater
Bolinichthys distofax				pelagic-oceanic marine non-migratory deep-water
Clupeonella cultriventris			temperate	anadromous freshwater marine brackish pelagic-neritic
Fundulus diaphanus	10.0	25.0	temperate	freshwater benthopelagic brackish non-migratory
Elops hawaiensis			tropical	anadromous freshwater marine brackish pelagic-neritic
Kali indica				bathypelagic marine deep-water
Epinephelus fasciatomaculosus			tropical	reef-associated marine
Distoechodon tumirostris			subtropical	freshwater benthopelagic
Stenobrachius leucopsarus				bathypelagic marine deep-water
Ariomma indica			tropical	benthopelagic oceanodromous marine
Tetraodon palembangensis			tropical	freshwater demersal
Sphoeroides testudineus			subtropical	reef-associated marine brackish
Branchiostegus argentatus			tropical	marine demersal
Procypris rabaudi			subtropical	freshwater benthopelagic
Cephalopholis argus	24.0	28.0	tropical	reef-associated marine non-migratory
Cephalopholis sonnerati			tropical	reef-associated marine non-migratory
Stylephorus chordatus				bathypelagic marine deep-water
Sewellia lineolata			tropical	freshwater demersal
Labeo calbasu			tropical	freshwater brackish potamodromous demersal
Oncorhynchus mykiss	10.0	24.0	subtropical	benthopelagic freshwater marine brackish anadromous
Polypterus ansorgii			tropical	freshwater demersal
Glossanodon semifasciatus			temperate	benthopelagic marine
Anomalops katoptron			tropical	reef-associated marine
Pseudogobius javanicus	23.0	25.0	tropical	amphidromous benthopelagic freshwater marine brackish
Robinsia catherinae			tropical	marine demersal
Gonorynchus greyi			subtropical	marine brackish demersal
Gasterosteus wheatlandi			temperate	benthopelagic marine brackish
Clupeichthys goniognathus			tropical	pelagic freshwater
Takifugu pardalis			temperate	marine demersal
Micropterus salmoides	10.0	32.0	subtropical	freshwater benthopelagic
Rhinomugil nasutus			tropical	pelagic freshwater brackish
Psephurus gladius			subtropical	freshwater demersal potamodromous
Iso hawaiiensis			tropical	reef-associated marine
Takifugu ocellatus			subtropical	anadromous freshwater marine brackish demersal
Solivomer arenidens				benthopelagic marine deep-water
Cyprinodon rubrofluviatilis	10.0	30.0	temperate	freshwater benthopelagic non-migratory
Clinocottus analis			subtropical	marine demersal non-migratory
Acheilognathus yamatsutae			temperate	freshwater benthopelagic
Amblydoras gonzalezi			tropical	freshwater demersal
Psetta maxima			temperate	oceanodromous marine brackish demersal
Boraras maculatus	24.0	26.0	tropical	freshwater benthopelagic
Cynoglossus abbreviatus				marine demersal deep-water
Hemibarbus umbrifer			subtropical	freshwater benthopelagic
Ablennes hians			subtropical	reef-associated oceanodromous marine brackish
Trigonostigma espei	23.0	28.0	tropical	freshwater benthopelagic
Notopterus notopterus	24.0	28.0	tropical	freshwater brackish potamodromous demersal
Pungitius sinensis			temperate	benthopelagic freshwater marine brackish
Opsariichthys bidens	10.0	20.0	temperate	freshwater benthopelagic
Grammatobothus krempfi			tropical	marine demersal
Bagarius yarrelli			tropical	freshwater demersal potamodromous
Tribolodon brandtii	10.0	24.0	temperate	anadromous freshwater marine brackish demersal
Glossogobius olivaceus			temperate	amphidromous freshwater marine brackish demersal
Notoscopelus japonicus				bathypelagic marine deep-water
Hoplostethus japonicus				bathypelagic marine deep-water
Hyperopisus bebe	22.0	24.0	tropical	freshwater brackish potamodromous demersal
Pelagocephalus marki			temperate	marine demersal
Kyphosus cinerascens			tropical	reef-associated marine
Schizothorax waltoni				freshwater benthopelagic
Lateolabrax japonicus			subtropical	catadromous reef-associated freshwater marine brackish
Pseudopungtungia nigra			temperate	freshwater benthopelagic
Apareiodon affinis	22.0	26.0	subtropical	freshwater benthopelagic
Polypterus senegalus	25.0	28.0	tropical	freshwater demersal potamodromous
Collichthys niveatus			subtropical	oceanodromous marine demersal
Engraulis japonicus	8.0	30.0	temperate	oceanodromous marine pelagic-neritic
Acipenser baerii	10.0	20.0	temperate	anadromous freshwater marine brackish demersal
Onychostoma barbatum			subtropical	freshwater benthopelagic
Takifugu stictonotus			temperate	marine demersal
Leporinus affinis	23.0	27.0	tropical	freshwater benthopelagic
Oryzias marmoratus	22.0	25.0	tropical	freshwater benthopelagic non-migratory
Lactoria diaphana			subtropical	reef-associated marine brackish
Harengula jaguana			tropical	reef-associated marine brackish
Jordanella floridae	18.0	22.0	subtropical	freshwater benthopelagic brackish non-migratory
Kaupichthys hyoproroides			subtropical	reef-associated marine
Danio rerio	18.0	24.0	tropical	freshwater benthopelagic
Takifugu snyderi			subtropical	marine demersal
Mastacembelus favus			tropical	freshwater demersal
Ditrema temminckii			temperate	marine demersal
Lebiasina astrigata	22.0	26.0	tropical	freshwater demersal
Apeltes quadracus	4.0	20.0	temperate	benthopelagic freshwater marine brackish
Acheilognathus macropterus	15.0	25.0	subtropical	freshwater benthopelagic brackish
Eutaeniophorus festivus				bathypelagic marine deep-water
Bunocephalus coracoideus	25.0	28.0	tropical	freshwater demersal
Ostichthys japonicus			tropical	reef-associated marine
Mallotus villosus			polar	pelagic-oceanic freshwater marine brackish anadromous
Squalogadus modificatus				bathypelagic marine deep-water
Anguilla malgumora			tropical	catadromous freshwater marine brackish demersal
Pseudobagrus brevicorpus			temperate	freshwater benthopelagic
Ceratias uranoscopus				bathypelagic marine deep-water
Myctophum punctatum				bathypelagic marine deep-water oceanodromous
Oryzias sinensis			tropical	freshwater benthopelagic
Moringua edwardsi			subtropical	reef-associated marine brackish
Coreius heterodon			subtropical	freshwater benthopelagic
Pseudohemiculter dispar			subtropical	freshwater benthopelagic brackish
Lefua echigonia			temperate	freshwater demersal
Luciosoma setigerum			tropical	pelagic freshwater
Denticeps clupeoides	20.0	25.0	tropical	pelagic freshwater
Scomber australasicus			subtropical	oceanodromous marine pelagic-neritic
Salmo salar	2.0	9.0	temperate	benthopelagic freshwater marine brackish anadromous
Barbatula toni			temperate	freshwater demersal
Neosalanx taihuensis			subtropical	freshwater demersal
Krefftichthys anderssoni				bathypelagic marine deep-water oceanodromous
Ventrifossa garmani				bathydemersal marine non-migratory deep-water
Opisthoproctus soleatus				bathypelagic marine deep-water
Pristipomoides multidens			tropical	marine demersal
Triso dermopterus			tropical	marine demersal
Pantodon buchholzi	23.0	30.0	tropical	pelagic freshwater potamodromous
Coloconger cadenati				bathydemersal marine deep-water
Clupanodon thrissa			tropical	anadromous freshwater marine brackish pelagic-neritic
Hypoplectrus gemma			tropical	reef-associated marine
Polyspina piosae			subtropical	benthopelagic marine
Lophiodes caulinaris				marine demersal deep-water
Coreius guichenoti			subtropical	freshwater benthopelagic
Biwia zezera			temperate	freshwater demersal
Trachurus japonicus			tropical	oceanodromous marine pelagic-neritic
Carnegiella strigata	24.0	28.0	tropical	pelagic freshwater
Pangio anguillaris	24.0	26.0	tropical	freshwater demersal
Pseudomonacanthus peroni			tropical	reef-associated marine
Rhodeus uyekii			temperate	freshwater benthopelagic
Psenes pellucidus				bathypelagic marine deep-water
Pungitius kaibarae			temperate	benthopelagic freshwater marine brackish
Balistes vetula	28.0		tropical	reef-associated marine
Neocyttus rhomboidalis				bathypelagic marine deep-water oceanodromous
Perca flavescens		30.0	temperate	freshwater benthopelagic brackish
Electrophorus electricus	23.0	28.0	tropical	freshwater benthopelagic
Oncorhynchus nerka		25.0	temperate	pelagic-oceanic freshwater marine brackish anadromous
Zebrias zebra			tropical	reef-associated marine brackish
Histiopterus typus				reef-associated marine deep-water
Lutjanus malabaricus			tropical	reef-associated marine
Anarhichas lupus			temperate	oceanodromous marine demersal
Lutjanus erythropterus			tropical	reef-associated marine
Salmo trutta	18.0	24.0	subtropical	anadromous freshwater marine brackish pelagic-neritic
Chaunax tosaensis			temperate	marine demersal
Labeo batesii			tropical	freshwater benthopelagic
Ariomma lurida				bathypelagic marine deep-water
Luciobarbus capito			temperate	freshwater benthopelagic brackish
Carassius carassius	2.0	22.0	temperate	freshwater brackish potamodromous demersal
Gymnocypris przewalskii			temperate	freshwater benthopelagic potamodromous
Aspasma minima			subtropical	marine demersal
Ischikauia steenackeri			temperate	freshwater demersal
Caulophryne pelagica				bathypelagic marine deep-water
Porichthys myriaster			subtropical	marine demersal
Clupea pallasii			temperate	non-migratory freshwater marine brackish pelagic-neritic
Gobio gobio	2.0	18.0	temperate	freshwater benthopelagic brackish potamodromous
Anoplopoma fimbria				bathydemersal oceanodromous marine deep-water
Carinotetraodon salivator			tropical	freshwater benthopelagic
Oreoglanis macropterus			tropical	freshwater benthopelagic
Antigonia capros			tropical	marine demersal
Colomesus psittacus	23.0	26.0	tropical	freshwater marine brackish demersal
Coreoleuciscus splendidus			temperate	freshwater demersal
Normichthys operosus				bathypelagic marine deep-water
Kuhlia mugil			tropical	reef-associated marine brackish
Acipenser ruthenus			temperate	freshwater brackish potamodromous demersal
Prosopium williamsoni		23.0	temperate	freshwater benthopelagic
Barilius bendelisis	22.0		tropical	freshwater benthopelagic potamodromous
Parataeniophorus gulosus				bathypelagic marine deep-water
Branchiostegus japonicus			tropical	marine demersal
Diplotaxodon limnothrissa			tropical	pelagic freshwater
Diaphus luetkeni				bathypelagic marine deep-water oceanodromous
Blicca bjoerkna	4.0	20.0	temperate	freshwater brackish potamodromous demersal
Cromeria occidentalis	25.0	30.0	tropical	freshwater benthopelagic
Myxocyprinus asiaticus	15.0	28.0	subtropical	freshwater demersal potamodromous
Barbus trimaculatus	24.0	26.0	tropical	freshwater benthopelagic potamodromous
Antennatus coccineus			tropical	reef-associated marine
Polypterus retropinnis			tropical	freshwater demersal
Cryptopsaras couesii				bathypelagic marine deep-water
Jenkinsia lamprotaenia			subtropical	reef-associated marine
Allocyttus niger				bathypelagic marine deep-water oceanodromous
Schizopygopsis younghusbandi				freshwater benthopelagic
Odaxothrissa losera			tropical	pelagic freshwater
Xanthichthys auromarginatus			tropical	reef-associated marine
Tetraodon nigroviridis	24.0	28.0	tropical	freshwater brackish demersal
Hypoptychus dybowskii			temperate	benthopelagic marine
Cirrhinus mrigala			tropical	freshwater demersal
Coelorinchus kishinouyei	8.0	12.0		bathydemersal marine non-migratory deep-water
Phoxinus eos			temperate	freshwater demersal
Dactyloptena tiltoni				bathydemersal marine deep-water
Epinephelus sexfasciatus			tropical	reef-associated marine
Epinephelus lanceolatus			tropical	reef-associated marine brackish
Gobiobotia naktongensis			temperate	freshwater benthopelagic
Myctophum asperum				bathypelagic marine deep-water oceanodromous
Lophiomus setigerus			tropical	marine demersal
Takifugu exascurus			temperate	marine demersal
Hippocampus trimaculatus			tropical	reef-associated marine non-migratory
Clupeichthys aesarnensis			tropical	pelagic freshwater potamodromous
Alepocephalus productus				bathydemersal marine deep-water
Sarcocheilichthys sinensis	16.0	22.0	temperate	freshwater benthopelagic
Anguilla anguilla	4.0	20.0	temperate	catadromous freshwater marine brackish demersal
Pseudobagrus truncatus			temperate	freshwater benthopelagic
Aethaloperca rogaa			tropical	reef-associated marine non-migratory
Branchiostegus albus			temperate	benthopelagic marine
Tor sinensis			tropical	freshwater benthopelagic potamodromous
Anarhichas denticulatus			polar	benthopelagic oceanodromous marine
Canthidermis maculata			subtropical	reef-associated marine
Johnius belangerii			tropical	amphidromous marine brackish demersal
Triplophysa stoliczkai	16.0	20.0	subtropical	freshwater benthopelagic
Cycleptus elongatus			subtropical	freshwater benthopelagic
Rivulus marmoratus	18.0	24.0	tropical	freshwater benthopelagic brackish non-migratory
Lutjanus argentimaculatus	16.0	30.0	subtropical	reef-associated freshwater marine brackish oceanodromous
Trixiphichthys weberi			tropical	marine demersal
Schizothorax oconnori				freshwater benthopelagic
Oreochromis mossambicus	17.0	35.0	tropical	amphidromous freshwater benthopelagic brackish
Saccopharynx lavenbergi				bathypelagic marine deep-water
Anarchias sp.			subtropical	reef-associated marine
Hyporhamphus sajori			temperate	amphidromous freshwater marine brackish pelagic-neritic
Chanos chanos	15.0	43.0	tropical	amphidromous benthopelagic freshwater marine brackish
Tribolodon sachalinensis			temperate	benthopelagic freshwater marine brackish anadromous
Triplophysa bleekeri			subtropical	freshwater benthopelagic
Microthrissa royauxi			tropical	pelagic freshwater
Paralichthys olivaceus			subtropical	oceanodromous marine demersal
Kareius bicoloratus			temperate	oceanodromous freshwater marine brackish demersal
Hydrolycus scomberoides	24.0	28.0	tropical	freshwater benthopelagic
Sebates schlegeli			temperate	marine demersal
Maulisia mauli				bathypelagic marine deep-water
Puntius ticto	14.0	22.0	subtropical	freshwater benthopelagic brackish potamodromous
Polypterus teugelsi	25.0	27.0	tropical	freshwater demersal
Hemibarbus barbus			temperate	freshwater benthopelagic potamodromous
Pervagor janthinosoma			tropical	reef-associated marine
Lophiogobius ocellicauda			temperate	freshwater demersal
Notoscopelus elongatus			subtropical	pelagic-oceanic oceanodromous marine
Alosa pseudoharengus			temperate	anadromous freshwater marine brackish pelagic-neritic
Megalops cyprinoides	22.0	24.0	tropical	amphidromous benthopelagic freshwater marine brackish
Boleophthalmus pectinirostris	26.0	30.0	tropical	non-migratory freshwater marine brackish demersal
Clupeichthys perakensis			tropical	pelagic freshwater
Garra orientalis			subtropical	freshwater benthopelagic
Ehirava fluviatilis			tropical	amphidromous freshwater marine brackish pelagic-neritic
Pagellus bogaraveo			temperate	benthopelagic marine
Acanthogobius hasta			temperate	amphidromous freshwater marine brackish demersal
Etheostoma radiosum			subtropical	freshwater benthopelagic
Arctogadus glacialis				bathypelagic marine non-migratory deep-water
Microphysogobio longidorsalis			temperate	freshwater benthopelagic
Acheilognathus koreensis			temperate	freshwater benthopelagic
Paedocypris progenetica			tropical	freshwater benthopelagic
Oreochromis niloticus	14.0	33.0	tropical	freshwater benthopelagic brackish potamodromous
Hucho taimen			temperate	freshwater benthopelagic potamodromous
Acanthopagrus latus			tropical	freshwater marine brackish demersal
Tenualosa ilisha			tropical	anadromous freshwater marine brackish pelagic-neritic
Metzia formosae			subtropical	freshwater benthopelagic
Chanodichthys mongolicus	10.0	20.0	subtropical	freshwater benthopelagic
Labeo bata			tropical	freshwater benthopelagic potamodromous
Acipenser sinensis			temperate	anadromous freshwater marine brackish demersal
Hemibarbus longirostris			temperate	freshwater benthopelagic
Chaunax abei			tropical	marine demersal
Sphyraena japonica			temperate	marine pelagic-neritic
Cephalopholis boenak			tropical	reef-associated marine non-migratory
Gadus ogac			polar	oceanodromous marine brackish demersal
Hypophthalmichthys nobilis	4.0	26.0	temperate	freshwater benthopelagic potamodromous
Ostracion immaculatus			temperate	marine demersal
Monotrete cochinchinensis	24.0	28.0	tropical	freshwater demersal
Tetrabrachium ocellatum			tropical	marine demersal
Erimyzon oblongus			subtropical	freshwater demersal
Triplophysa rosa	13.0		subtropical	freshwater demersal
Sprattus antipodum			subtropical	marine pelagic-neritic
Haplophryne mollis				bathypelagic marine deep-water oceanodromous
Danionella mirifica			tropical	freshwater benthopelagic
Aulichthys japonicus			temperate	benthopelagic marine
Gymnoscopelus nicholsi				bathypelagic marine deep-water oceanodromous
Vaillantella maassi			tropical	freshwater demersal
Culter alburnus			temperate	freshwater benthopelagic
Ivindomyrus marchei			tropical	freshwater demersal
Diaphus splendidus				bathypelagic marine deep-water oceanodromous
Meuschenia hippocrepis			temperate	marine demersal
Sprattus muelleri			subtropical	marine pelagic-neritic
Tetrapturus audax	20.0	25.0	subtropical	pelagic-oceanic oceanodromous marine
Dissostichus eleginoides			temperate	pelagic-oceanic oceanodromous marine
Fistularia commersonii			tropical	reef-associated marine
Malapterurus electricus	23.0	30.0	tropical	freshwater benthopelagic potamodromous
Leucaspius delineatus	2.0	32.0	temperate	pelagic freshwater brackish potamodromous
Albula glossodonta			tropical	reef-associated oceanodromous marine brackish
Paramormyrops gabonensis			tropical	freshwater demersal
Triphoturus nigrescens				bathypelagic marine deep-water oceanodromous
Puntius snyderi			subtropical	freshwater benthopelagic
Chaca bankanensis	24.0	28.0	tropical	freshwater demersal
Cottus poecilopus			temperate	freshwater brackish demersal
Carinotetraodon lorteti	24.0	28.0	tropical	freshwater benthopelagic
Psenopsis anomala			tropical	benthopelagic marine
Phoxinus percnurus	15.0	23.0	subtropical	freshwater benthopelagic non-migratory
Pungtungia herzi			temperate	freshwater benthopelagic
Verasper moseri			temperate	marine demersal
Pangasianodon gigas			tropical	freshwater benthopelagic potamodromous
Oncorhynchus masou			temperate	benthopelagic freshwater marine brackish anadromous
Procetichthys kreffti				bathypelagic marine deep-water
Cynotilapia afra	23.0	27.0	tropical	freshwater benthopelagic
Carassius gibelio	10.0	20.0	temperate	freshwater benthopelagic brackish potamodromous
Arothron mappa			tropical	reef-associated marine
Culaea inconstans	4.0	18.0	temperate	freshwater demersal
Hypoatherina tsurugae			temperate	marine pelagic-neritic
Takifugu oblongus			tropical	marine brackish demersal
Ethmidium maculatum			tropical	marine pelagic-neritic
Miichthys miiuy			temperate	oceanodromous marine brackish demersal
Tetraodon miurus	24.0	28.0	tropical	freshwater demersal
Chondrostoma lemmingii			temperate	freshwater benthopelagic
Brachyhypopomus occidentalis	24.0	28.0	tropical	freshwater benthopelagic
Pseudexostoma yunnanensis			temperate	freshwater demersal
Puntius denisonii	15.0	25.0	subtropical	freshwater benthopelagic
Xenodermichthys copei				bathypelagic marine deep-water
Potamalosa richmondia			temperate	catadromous freshwater marine brackish pelagic-neritic
Xenotoca eiseni	15.0	32.0	temperate	freshwater demersal
Petrochromis trewavasae	23.0	25.0	tropical	freshwater benthopelagic
Lobianchia gemellarii				bathypelagic marine deep-water oceanodromous
Rondeletia loricata				bathypelagic marine deep-water
Pellona ditchela			tropical	anadromous freshwater marine brackish pelagic-neritic
Thunnus thynnus	3.0	30.0	subtropical	pelagic-oceanic oceanodromous marine brackish
Paratilapia polleni	24.0	28.0	tropical	freshwater demersal
Parabramis pekinensis	10.0	20.0	temperate	amphidromous freshwater benthopelagic
Istiophorus albicans	21.0	28.0	subtropical	pelagic-oceanic oceanodromous marine
Pterocaesio tile			tropical	reef-associated marine non-migratory
Opsariichthys uncirostris	10.0	22.0	temperate	freshwater benthopelagic
Tanichthys albonubes	18.0	22.0	tropical	freshwater demersal
Barbourisia rufa				bathydemersal marine deep-water
Puck pinnata				bathypelagic marine deep-water
Anodontostoma chacunda			tropical	anadromous freshwater marine brackish pelagic-neritic
Zacco sieboldii			subtropical	freshwater benthopelagic
Amia calva	15.0	20.0	temperate	freshwater demersal
Macroramphosus scolopax			subtropical	marine demersal
Centropyge loricula			tropical	reef-associated marine brackish non-migratory
Ariosoma shiroanago			temperate	marine demersal
Petrotilapia nigra			tropical	freshwater demersal
Coryphaena hippurus	21.0	30.0	subtropical	oceanodromous marine brackish pelagic-neritic
Labeo rohita			tropical	freshwater benthopelagic brackish potamodromous
Scleropages formosus	24.0	30.0	tropical	freshwater benthopelagic
Novumbra hubbsi	4.0	25.0	temperate	freshwater demersal
Micropercops swinhonis	18.0	22.0	subtropical	freshwater demersal
Luciosoma bleekeri			tropical	pelagic freshwater
Pelteobagrus eupogon			temperate	freshwater demersal
Conocara macropterum				bathypelagic marine deep-water
Elops saurus			subtropical	amphidromous reef-associated marine brackish
Zanclus cornutus	24.0	28.0	subtropical	reef-associated marine
Myroconger compressus			tropical	marine demersal
Paraplagusia japonica			tropical	marine demersal
Serrivomer sector				bathypelagic marine deep-water
Oncorhynchus clarkii		23.0	temperate	anadromous freshwater marine brackish demersal
Cataetyx rubrirostris				bathydemersal marine deep-water
Platichthys stellatus			polar	catadromous freshwater marine brackish demersal
Bathytroctes macrolepis				bathypelagic marine deep-water
Rudarius ercodes			temperate	reef-associated oceanodromous marine
Brevimyrus niger	22.0	24.0	tropical	freshwater benthopelagic
Helicolenus avius				bathydemersal marine deep-water
Myrichthys maculosus			tropical	reef-associated marine
Icosteus aenigmaticus				bathypelagic marine deep-water
Gasterosteus aculeatus	4.0	20.0	temperate	benthopelagic freshwater marine brackish anadromous
Derichthys serpentinus				bathypelagic marine deep-water
Electrona antarctica			polar	oceanodromous marine demersal
Facciolella oxyrhyncha			subtropical	marine demersal
Anguilla luzonensis			tropical	catadromous freshwater marine brackish demersal
Pseudogobio esocinus			temperate	freshwater benthopelagic
Epinephelus bruneus			tropical	reef-associated marine
Bathytroctes michaelsarsi				bathypelagic marine deep-water
Lepisosteus osseus	12.0	20.0	temperate	freshwater brackish demersal
Megalobrama amblycephala	10.0	20.0	temperate	freshwater benthopelagic
Parajulis poecilepterus			subtropical	marine demersal
Microcanthus strigatus			tropical	reef-associated oceanodromous marine brackish
Hemibarbus mylodon			temperate	freshwater benthopelagic
Sarotherodon melanotheron	23.0	25.0	tropical	freshwater brackish demersal
Scobinichthys granulatus			temperate	reef-associated marine
Petrocephalus microphthalmus			tropical	freshwater demersal
Gagata dolichonema			tropical	freshwater benthopelagic
Sufflamen fraenatum			tropical	reef-associated oceanodromous marine
Diplomystes nahuelbutaensis			subtropical	freshwater demersal
Sinogastromyzon puliensis	18.0	30.0	subtropical	freshwater demersal
Pleuragramma antarcticum		2.0	polar	pelagic-oceanic marine
Chionodraco myersi				bathydemersal marine deep-water
Ophisurus macrorhynchos			temperate	marine demersal
Marcusenius senegalensis			tropical	freshwater demersal potamodromous
Gobiobotia macrocephala			temperate	freshwater benthopelagic
Hippocampus histrix			tropical	reef-associated marine non-migratory
Alosa alosa			temperate	anadromous freshwater marine brackish pelagic-neritic
Hara jerdoni	18.0	24.0	tropical	freshwater demersal
Lycothrissa crocodilus			tropical	pelagic freshwater brackish potamodromous
Misgurnus nikolskyi			temperate	freshwater demersal
Paracheirodon innesi	20.0	26.0	tropical	pelagic freshwater
Coregonus lavaretus	4.0	16.0	temperate	anadromous freshwater marine brackish demersal
Abramis brama	10.0	24.0	temperate	freshwater benthopelagic brackish potamodromous
Labracoglossa argentiventris			temperate	reef-associated marine
Nelusetta ayraudi			subtropical	marine demersal
Katsuwonus pelamis	15.0	30.0	tropical	pelagic-oceanic oceanodromous marine
Boreogadus saida			polar	oceanodromous marine brackish demersal
